Top queries,Clicks,Impressions,CTR,Position
el tiempo en caracas,7,13,53.85%,77.23
clima hoy en caracas va a llover,1,3,33.33%,27.67
clima,0,415,0%,25.51
tiempo de mañana,0,64,0%,11.31
qué temperatura hace en caracas,0,46,0%,10.72
clima en puebla,0,44,0%,33.41
clima guayaquil,0,31,0%,28.74
clima medellin,0,24,0%,36.71
tiempo mañana,0,23,0%,10.48
tiempo en puebla,0,22,0%,30.77
temperatura en caracas hoy,0,18,0%,12.67
qué temperatura hay en caracas,0,17,0%,10.82
temperatura ahora,0,17,0%,23.29
clima medellin hoy,0,17,0%,43.12
clima monterrey por hora,0,15,0%,23.8
clima puebla hoy,0,15,0%,28.87
medellin clima,0,15,0%,40.67
clima montevideo,0,15,0%,48.93
clima santo domingo,0,14,0%,41.21
temperatura actual en montevideo,0,12,0%,57.33
qué temperatura hace en santo domingo,0,11,0%,10
clima en medellin,0,10,0%,37.8
clima en santo domingo,0,10,0%,42.9
clima puebla,0,9,0%,40.33
clima hoy bogota,0,9,0%,56
el tiempo en la paz,0,8,0%,11.25
temperatura caracas hoy,0,8,0%,12
clima en guadalajara,0,8,0%,27.88
temperatura guayaquil,0,8,0%,28.25
clima en quito hoy,0,8,0%,33.38
clima hoy medellin,0,8,0%,35.5
clima medellín hoy,0,8,0%,37.5
clima en medellin hoy,0,8,0%,49.12
caracas temperatura hoy,0,7,0%,12
temperatura hoy en caracas,0,7,0%,13.29
clima hoy,0,7,0%,13.43
guayaquil clima,0,7,0%,23.14
clima en guayaquil,0,7,0%,23.86
temperatura en guayaquil,0,7,0%,25.86
clima guadalajara hoy,0,7,0%,28
temperatura berlin hoy,0,7,0%,32.29
temperatura puebla,0,7,0%,32.57
temperatura en amsterdam hoy,0,7,0%,37.71
clima montevideo hoy,0,7,0%,38.29
medellin colombia clima,0,7,0%,50.14
que temperatura hay en caracas hoy,0,6,0%,11.83
clima la paz,0,6,0%,19.67
tiempo en guayaquil,0,6,0%,32
clima caracas,0,6,0%,32.33
clima para hoy en puebla,0,6,0%,37
clima bucaramanga,0,6,0%,43.5
clima en montevideo ahora,0,6,0%,46.5
santo domingo temperatura,0,6,0%,47.17
berlin clima,0,6,0%,47.5
clima montevideo ahora,0,6,0%,52.33
temperatura en bogotá,0,6,0%,65.67
clima bogota,0,6,0%,73
pronóstico del tiempo para hoy,0,5,0%,9.6
google mañana va a llover,0,5,0%,10.4
temperatura en guayaquil hoy,0,5,0%,21
temperatura caracas,0,5,0%,21.6
temperatura en caracas,0,5,0%,23.4
clima puebla por hora,0,5,0%,25
tiempo guayaquil,0,5,0%,26
clima hoy guadalajara,0,5,0%,28.2
clima hoy puebla,0,5,0%,29.6
puebla clima,0,5,0%,30
clima gdl hoy,0,5,0%,31.2
clima medellín hoy por horas,0,5,0%,35
clima para hoy puebla,0,5,0%,38.6
clima bogotá por horas,0,5,0%,39.4
clima en medellín,0,5,0%,40
clima armenia,0,5,0%,40.4
clima pasto,0,5,0%,42.4
temperaturas en santo domingo,0,5,0%,46.4
temperatura montevideo,0,5,0%,49.4
temperatura havana,0,5,0%,57
clima en bilbao,0,5,0%,71.2
clima por hora,0,4,0%,10
temperatura en caracas ahora,0,4,0%,11.25
a que hora va a llover hoy,0,4,0%,11.5
qué clima es ahora,0,4,0%,11.75
temperatura hoy caracas,0,4,0%,11.75
temperatura de caracas hoy,0,4,0%,12
temperatura actual en guadalajara,0,4,0%,24
guayaquil temperatura,0,4,0%,24.25
clima guayaquil hoy,0,4,0%,25.25
clima para hoy en guadalajara,0,4,0%,26
clima de hoy en guadalajara,0,4,0%,26.25
clima en puebla hoy,0,4,0%,27.75
caracas clima,0,4,0%,28.75
clima en caracas,0,4,0%,30.25
clima actual en barcelona,0,4,0%,31.75
temperatura en berlin hoy,0,4,0%,33.25
berlin temperatura hoy,0,4,0%,33.5
temperatura amsterdam hoy,0,4,0%,35
tiempo en santiago,0,4,0%,35.75
tiempo santo domingo,0,4,0%,37
medellín clima,0,4,0%,38.5
clima armenia mañana,0,4,0%,39.25
clima en lima hoy,0,4,0%,39.25
temperatura en guayaquil ecuador,0,4,0%,41
clima hoy en medellín,0,4,0%,41.5
temperatura medellin,0,4,0%,42.75
amsterdam clima,0,4,0%,44.75
temperaturas santo domingo,0,4,0%,46.25
clima actual montevideo,0,4,0%,46.5
clima hoy montevideo,0,4,0%,47.5
ciudades temperatura humedad minidepositos,0,4,0%,47.75
clima cucuta,0,4,0%,48.75
clima berlin,0,4,0%,55.25
clima en bogotá,0,4,0%,57
clima hoy en bogota,0,4,0%,58
temperatura bogota,0,4,0%,58.25
pronostico del clima bogota,0,4,0%,60.75
temperatura en bogota,0,4,0%,60.75
clima santo domingo republica dominicana,0,4,0%,63.75
venezuela clima,0,4,0%,64.25
clima de bogota,0,4,0%,73.5
clima bilbao,0,4,0%,74.75
hoy va a llover en caracas,0,3,0%,6
pronostico del tiempo para mañana,0,3,0%,10
temperaturas en caracas,0,3,0%,10
clima por horas,0,3,0%,10.33
temperatura ahora en caracas,0,3,0%,11.33
qué temperatura hace en asunción,0,3,0%,11.67
que temperatura hace en caracas,0,3,0%,12
qué temperatura hace ahora en caracas,0,3,0%,12
temperatura la paz,0,3,0%,12.67
cuantos grados hace en guayaquil,0,3,0%,17.67
clima en la paz,0,3,0%,22
temperatura hoy,0,3,0%,22
pronóstico del tiempo en guayaquil,0,3,0%,23.67
clima en guadalajara hoy,0,3,0%,25.67
clima actual,0,3,0%,26.33
clima guadalajara hoy por horas,0,3,0%,26.67
clima la paz por hora,0,3,0%,27.33
pronostico guayaquil,0,3,0%,27.33
cuantos grados estamos guadalajara,0,3,0%,27.67
el clima de quito hoy,0,3,0%,29.67
clima puebla centro,0,3,0%,31
temperatura armenia,0,3,0%,32
clima managua,0,3,0%,32.33
clima de guayaquil,0,3,0%,32.67
tiempo en santo domingo,0,3,0%,32.67
santo domingo clima,0,3,0%,33
temperatura actual guadalajara,0,3,0%,33
amsterdam temperatura hoy,0,3,0%,33.33
temperatura barranquilla,0,3,0%,33.67
temperatura pasto,0,3,0%,33.67
clima en bogotá hoy por horas,0,3,0%,34.67
temperatura actual en guayaquil,0,3,0%,34.67
clima hoy medellin por horas,0,3,0%,35
clima lima hoy por horas,0,3,0%,35
clima caracas hoy por hora,0,3,0%,35.67
temperatura barranquilla hoy,0,3,0%,37.67
temperatura en bucaramanga,0,3,0%,38
pronóstico del clima para hoy en medellín,0,3,0%,38.33
clima en quito,0,3,0%,38.67
temperatura en medellín hoy,0,3,0%,38.67
clima armenia hoy horas,0,3,0%,39
clima barranquilla,0,3,0%,39
clima en guayaquil ecuador,0,3,0%,39
temperatura medellin hoy,0,3,0%,39
clima bogotá hoy por horas,0,3,0%,39.67
clima en medellin colombia,0,3,0%,39.67
clima hoy lima,0,3,0%,39.67
temperatura hoy guayaquil,0,3,0%,39.67
clima buenos aires,0,3,0%,40
amsterdam temperatura,0,3,0%,41
el clima medellín,0,3,0%,41.33
climas de puebla,0,3,0%,42
pronóstico del tiempo armenia,0,3,0%,42.33
tiempo puebla,0,3,0%,42.33
clima quito,0,3,0%,42.67
temperatura actual montevideo,0,3,0%,42.67
temperatura bogota a esta hora,0,3,0%,42.67
clima en bucaramanga,0,3,0%,43.33
montevideo clima hoy,0,3,0%,44
temperatura bucaramanga,0,3,0%,44.33
clima medellín,0,3,0%,45.33
clima en colombia medellin,0,3,0%,46
clima en medellín antioquia,0,3,0%,46.67
el tiempo en cúcuta,0,3,0%,56.33
clima venezuela,0,3,0%,58
clima bilbao hoy,0,3,0%,60.67
clima de venezuela,0,3,0%,63
clima havana,0,3,0%,64.67
clima en bogota,0,3,0%,65.67
clima cordoba hoy,0,3,0%,67.33
montevideo clima,0,3,0%,68
clima en bilbao españa,0,3,0%,74.33
clima cuando llueve,0,2,0%,10
temperatura en santo domingo hoy,0,2,0%,10
a que hora llueve hoy,0,2,0%,10.5
clima en la paz hoy,0,2,0%,10.5
clima hora por hora,0,2,0%,10.5
google hoy va a llover,0,2,0%,10.5
va a llover hoy,0,2,0%,10.5
a q hora llovera hoy,0,2,0%,11
a q hora va a llover hoy,0,2,0%,11
clima para mañana en mi ubicación,0,2,0%,11
clima por hora hoy,0,2,0%,11
cómo es el clima en caracas,0,2,0%,11
google va a llover esta noche,0,2,0%,11
la paz temperatura,0,2,0%,11
temperatura de guayaquil hoy,0,2,0%,11
aque hora va llover hoy,0,2,0%,11.5
cuanto dura el invierno en venezuela,0,2,0%,11.5
a q grados estamos,0,2,0%,12
a que hora lloverá hoy,0,2,0%,12
calor en caracas hoy,0,2,0%,12
guayaquil temperatura hoy,0,2,0%,12
como es el clima en caracas,0,2,0%,12.5
temperatura de caracas,0,2,0%,12.5
la paz clima,0,2,0%,13.5
que clima tiene caracas,0,2,0%,13.5
temperatura en la paz,0,2,0%,17
cómo está el clima hoy en puebla,0,2,0%,19.5
el clima de hoy en guadalajara,0,2,0%,20
quito temperatura hoy,0,2,0%,21.5
llovera hoy en puebla,0,2,0%,22.5
clima puebla hoy por hora,0,2,0%,24
el tiempo en guayaquil,0,2,0%,24
clima hora por hora puebla,0,2,0%,25
clima en mendoza hoy por hora,0,2,0%,26
la paz clima hoy,0,2,0%,26
clima temperaturas,0,2,0%,27
puebla hoy clima,0,2,0%,27
temperatura actual,0,2,0%,27
clima de hoy guadalajara,0,2,0%,27.5
clima puebla capital,0,2,0%,27.5
va a llover en santiago hoy,0,2,0%,27.5
puebla clima hoy,0,2,0%,28
el tiempo en guadalajara por horas,0,2,0%,28.5
berlin temperaturas,0,2,0%,29
clima guayaquil por horas,0,2,0%,29
clima de hoy en puebla,0,2,0%,30
temperatura ambiente en puebla,0,2,0%,30
va a llover hoy en guadalajara,0,2,0%,30
clima gdl,0,2,0%,30.5
clima guadalajara,0,2,0%,30.5
managua temperatura,0,2,0%,30.5
temperatura en puebla ahorita,0,2,0%,30.5
va a llover ahora en guadalajara,0,2,0%,30.5
clima actual en guadalajara jalisco,0,2,0%,31
clima ecuador guayaquil,0,2,0%,31
temperatura hoy berlin,0,2,0%,31
clima de puebla hoy,0,2,0%,31.5
el tiempo en quito hoy,0,2,0%,31.5
esta lloviendo en guadalajara hoy,0,2,0%,31.5
temperatura de puebla hoy,0,2,0%,31.5
tiempo en guadalajara hoy,0,2,0%,31.5
temperatura actual en la ciudad de puebla,0,2,0%,32
tiempo en guayaquil ecuador,0,2,0%,32
cuantos grados esta barranquilla,0,2,0%,32.5
temperatura actual en guadalajara jalisco,0,2,0%,32.5
temperatura hoy puebla,0,2,0%,32.5
temperatura managua,0,2,0%,32.5
managua clima,0,2,0%,33
temperatura actual en puebla,0,2,0%,33
clima en guayaquil hoy y mañana,0,2,0%,33.5
clima panama city,0,2,0%,33.5
clima para mañana en medellín,0,2,0%,33.5
clima medellin por horas,0,2,0%,34
clima para hoy en puebla puebla,0,2,0%,34
temperatura panama city,0,2,0%,34
tiempo caracas,0,2,0%,34
va a llover en barranquilla,0,2,0%,34
temperatura en montevideo ahora,0,2,0%,34.5
tiempo armenia,0,2,0%,34.5
tiempo en armenia,0,2,0%,34.5
medellin temperatura,0,2,0%,35
temperatura en puebla,0,2,0%,35
clima en medellín mañana,0,2,0%,35.5
clima en panama city panama,0,2,0%,35.5
grados guayaquil,0,2,0%,36
barranquilla clima,0,2,0%,36.5
clima barranquilla hoy,0,2,0%,36.5
como es el clima en santo domingo,0,2,0%,36.5
clima en armenia hoy,0,2,0%,37
clima en berlín hoy,0,2,0%,37
características climáticas de venezuela,0,2,0%,37.5
clima ciudad de puebla,0,2,0%,37.5
clima manta,0,2,0%,37.5
cómo va estar el clima hoy en medellín,0,2,0%,37.5
clima bucaramanga mañana por horas,0,2,0%,38
hoy llueve en cúcuta,0,2,0%,38
clima puebla de zaragoza,0,2,0%,38.5
temperatura,0,2,0%,38.5
temperatura de pasto,0,2,0%,38.5
tiempo hoy medellin,0,2,0%,38.5
a cuantos grados esta guayaquil,0,2,0%,39
clima actual en medellín,0,2,0%,39
pronostico del tiempo hoy asuncion,0,2,0%,39
pronostico hoy medellin,0,2,0%,39
pronostico medellin hoy,0,2,0%,39.5
temperatura guayaquil hoy,0,2,0%,39.5
clima ahora montevideo,0,2,0%,40
clima en armenia,0,2,0%,40
clima en bogotá a esta hora,0,2,0%,40
cómo va estar el clima mañana en guadalajara,0,2,0%,40
tiempo bucaramanga hoy,0,2,0%,40
clima medellín hoy por horas hoy,0,2,0%,40.5
temperatura en barranquilla,0,2,0%,40.5
tiempo en berlin ahora,0,2,0%,40.5
tiempo en montevideo ahora,0,2,0%,40.5
hoy va a llover en cúcuta,0,2,0%,41
temperatura quito,0,2,0%,41
climas en puebla,0,2,0%,41.5
el clima en barranquilla hoy,0,2,0%,41.5
temperatura en bucaramanga hoy,0,2,0%,41.5
ciudad de panama temperatura,0,2,0%,42
clima en quito ecuador,0,2,0%,42.5
clima medellín ahora,0,2,0%,42.5
grados centigrados,0,2,0%,42.5
temperatura ahora montevideo,0,2,0%,42.5
tiempo en caracas,0,2,0%,42.5
clima cordoba,0,2,0%,43
climamontevideo,0,2,0%,43
pronóstico del tiempo en quito ecuavisa,0,2,0%,43
qué temperatura hay en mendoza,0,2,0%,43
temperatura en bogotá a esta hora,0,2,0%,43
tiempo bogota hoy,0,2,0%,43
tiempo en quito,0,2,0%,43
bucaramanga clima,0,2,0%,43.5
pronóstico bucaramanga,0,2,0%,43.5
sensacion termica barranquilla hoy,0,2,0%,43.5
va a llover en los ángeles mañana,0,2,0%,43.5
clima santiago centro hoy,0,2,0%,44
estado del tiempo en medellín hoy,0,2,0%,44
clima bogotá hoy,0,2,0%,44.5
clima amsterdam,0,2,0%,45
temperatura ahora en medellín,0,2,0%,45.5
clima de medellin colombia,0,2,0%,46
sensación térmica bucaramanga,0,2,0%,46
tiempo en santiago hoy día,0,2,0%,46.5
clima medellín colombia,0,2,0%,47.5
el tiempo en barranquilla hoy,0,2,0%,47.5
temperatura en la ciudad de cúcuta,0,2,0%,48
clima en venezuela,0,2,0%,48.5
clima medellin hoy por horas,0,2,0%,48.5
clima de bogota hoy,0,2,0%,49
clima montería hoy,0,2,0%,49
clima ottawa,0,2,0%,49
tiempo montevideo,0,2,0%,49
clima de medellín antioquia,0,2,0%,49.5
temperatura actual en mendoza,0,2,0%,49.5
temperatura en medellin,0,2,0%,50
clima en montevideo,0,2,0%,50.5
pasto nariño clima,0,2,0%,50.5
pronostico del tiempo ciudad de mendoza,0,2,0%,50.5
tiempo para hoy en medellín,0,2,0%,50.5
clima córdoba capital hoy,0,2,0%,51.5
grados medellin,0,2,0%,52
clima cucuta hoy,0,2,0%,52.5
grados en medellin,0,2,0%,52.5
cómo es el clima en estados unidos,0,2,0%,53
clima en medellín antioquia colombia,0,2,0%,53.5
habana clima,0,2,0%,55
clima bogota hoy,0,2,0%,56.5
tiempo en cordoba capital mañana,0,2,0%,57.5
está lloviendo en montevideo,0,2,0%,58
temperatura en bogota hoy,0,2,0%,58
temperatura actual calgary,0,2,0%,59.5
bogota clima,0,2,0%,60
bogotá temperatura,0,2,0%,60
clima hoy en medellin,0,2,0%,60
que clima tiene chile,0,2,0%,60
temperatura santo domingo,0,2,0%,60
temperatura agora,0,2,0%,61
tiempo pasto hoy,0,2,0%,61
clima bogotá colombia,0,2,0%,63.5
temperatura bogota hoy,0,2,0%,64
temperatura de bogotá hoy,0,2,0%,65.5
temperatura en bogotá colombia,0,2,0%,65.5
pronóstico del tiempo hoy en rosario,0,2,0%,68
bilbao clima,0,2,0%,68.5
bogota temperatura,0,2,0%,68.5
cordoba argentina clima,0,2,0%,68.5
clima para amanhã em são paulo,0,2,0%,69
bilbao temperatura,0,2,0%,71.5
clima en bilbao hoy,0,2,0%,72
clima en bogotá hoy,0,2,0%,72
esta lloviendo en montevideo,0,2,0%,73
clima en bogotá colombia,0,2,0%,74
clima cordoba capital hoy,0,2,0%,74.5
bogotá clima,0,2,0%,75
colombia bogota clima,0,2,0%,75.5
temperatura ahora cordoba,0,2,0%,82
humedad relativa,0,2,0%,91.5
cuando es la temporada de tornados en estados unidos,0,1,0%,4
temperatura clima,0,1,0%,5
a qué hora va a llover hoy,0,1,0%,7
temperatura la paz hoy,0,1,0%,7
clima df hoy por hora,0,1,0%,8
temperatura en la ciudad de quito,0,1,0%,8
clima de mañana,0,1,0%,9
llovizna hoy,0,1,0%,9
pronóstico para hoy,0,1,0%,9
temperatura actual manta,0,1,0%,9
temperaturas caracas,0,1,0%,9
a que hira llueve hoy,0,1,0%,10
a que hora termina de llover,0,1,0%,10
altura de hoy,0,1,0%,10
clima hora,0,1,0%,10
clima hoy sensacion termica,0,1,0%,10
en venezuela ahora es verano o invierno,0,1,0%,10
o tempo de mañá,0,1,0%,10
pronostico del tiempo hoy,0,1,0%,10
pronóstico del día,0,1,0%,10
qué temperatura tenemos,0,1,0%,10
temperatura de la paz hoy,0,1,0%,10
temperatura en caracas hoy en la noche,0,1,0%,10
va a seguir lloviendo hoy en la noche,0,1,0%,10
a que horas va llover hoy,0,1,0%,11
a qué hora para de llover hoy,0,1,0%,11
a qué horas va a llover mañana,0,1,0%,11
clima de la paz hoy,0,1,0%,11
clima en caracas hoy,0,1,0%,11
clima en la paz mañana,0,1,0%,11
clima hoy por hora,0,1,0%,11
clima mañana,0,1,0%,11
cuantos grados hace en caracas,0,1,0%,11
en venezuela hace calor todo el año,0,1,0%,11
google hoy llueve,0,1,0%,11
grados en santo domingo,0,1,0%,11
horarios de lluvia,0,1,0%,11
hoy llueve en la noche,0,1,0%,11
que epoca del año es ahora en venezuela,0,1,0%,11
va a llover hoy en,0,1,0%,11
y en caracas,0,1,0%,11
a cuantos grados esta guayaquil hoy,0,1,0%,12
a q temperatura estamos,0,1,0%,12
a que temperatura esta medellin hoy,0,1,0%,12
a qué hora se acaba la lluvia,0,1,0%,12
a qué horas va a llover el día de hoy,0,1,0%,12
aque hora va a llover hoy,0,1,0%,12
caracas temperatura,0,1,0%,12
clima la paz hoy,0,1,0%,12
clima puebla centro hoy por hora,0,1,0%,12
cual es el clima de caracas,0,1,0%,12
cuando es verano en nicaragua,0,1,0%,12
cuándo llueve,0,1,0%,12
cuántas probabilidades hay de que llueva hoy,0,1,0%,12
hoy a qué hora llueve,0,1,0%,12
hoy ba a yober,0,1,0%,12
hoy hará calor,0,1,0%,12
qué temperatura hace en guayaquil,0,1,0%,12
qué temperatura hace en quito,0,1,0%,12
temperatura actual en la ciudad de la paz,0,1,0%,12
temperatura de hoy en santo domingo,0,1,0%,12
temperatura de quito,0,1,0%,12
temperatura hoy medellin,0,1,0%,12
temperatura medellín hoy,0,1,0%,12
temperatura santiago hoy,0,1,0%,12
mexico city clima,0,1,0%,13
que temperatura hay,0,1,0%,13
clima com h,0,1,0%,14
como es el clima de caracas,0,1,0%,14
sensacion termica hoy,0,1,0%,14
como esta el clima hoy,0,1,0%,15
está lloviendo en guayaquil,0,1,0%,17
pronóstico de hoy puebla,0,1,0%,17
clima en el centro de puebla,0,1,0%,18
cómo es el clima de puebla,0,1,0%,18
cómo está la temperatura,0,1,0%,18
la temperatura de hoy,0,1,0%,18
tiempo guayaquil ecuador,0,1,0%,18
clima actual en puebla,0,1,0%,19
clima de caracas,0,1,0%,19
clima el día de hoy en guadalajara,0,1,0%,19
el clima en caracas,0,1,0%,19
hoy lloverá en guadalajara,0,1,0%,19
clima de puebla mexico,0,1,0%,20
clima dé hoy,0,1,0%,20
clima en monterrey por horas,0,1,0%,20
clima seco en venezuela,0,1,0%,20
llovera en puebla hoy,0,1,0%,20
lloverá el día de hoy en guadalajara,0,1,0%,20
clima puebla hoy por horas,0,1,0%,21
clima santiago,0,1,0%,21
lluvias en guayaquil hoy,0,1,0%,21
clima monterrey por horas,0,1,0%,22
clima puebla hoy y mañana por horas,0,1,0%,22
cuando va a llover en puebla,0,1,0%,22
guadalajara clima hoy,0,1,0%,22
hoy llueve en quito,0,1,0%,22
hoy va a llover en puebla,0,1,0%,22
tiempo en quito hoy por hora,0,1,0%,22
tiempo hoy en santo domingo,0,1,0%,22
a qué hora va a llover en guadalajara,0,1,0%,23
brasília temperatura,0,1,0%,23
clima en quito hoy por horas,0,1,0%,23
el tiempo guayaquil,0,1,0%,23
hoy llueve en puebla,0,1,0%,23
lluvia en puebla hoy,0,1,0%,23
probabilidad de lluvia en puebla,0,1,0%,23
clima de caracas venezuela,0,1,0%,24
clima para hoy en la ciudad de puebla,0,1,0%,24
clima por hora puebla,0,1,0%,24
clima puebla por horas,0,1,0%,24
como es el clima hoy,0,1,0%,24
el tiempo en guayaquil hoy por horas,0,1,0%,24
la temperatura del tiempo,0,1,0%,24
va a llover hoy guadalajara,0,1,0%,24
a que hora llueve hoy en montevideo,0,1,0%,25
cla hoy,0,1,0%,25
clima de guadalajara,0,1,0%,25
clima en puebla puebla,0,1,0%,25
clima puebla cu,0,1,0%,25
hoy va a llover puebla,0,1,0%,25
pronostico del tiempo monterrey por horas,0,1,0%,25
a cuántos grados estamos en guadalajara,0,1,0%,26
a cuántos grados estamos en la ciudad de puebla,0,1,0%,26
clima gye,0,1,0%,26
clima hoy en monterrey por horas,0,1,0%,26
el tiempo en brasilia,0,1,0%,26
esta lloviendo en puebla hoy,0,1,0%,26
puebla mexico clima,0,1,0%,26
temperatura pasto hoy,0,1,0%,26
a cuantos grados estan en guadalajara,0,1,0%,27
a cuántos grados estamos en puebla,0,1,0%,27
clima caracas mañana por hora,0,1,0%,27
clima de puebla centro,0,1,0%,27
clima en ecuador guayaquil,0,1,0%,27
clima en guadalajara hoy por horas,0,1,0%,27
clima en guadalajara jal,0,1,0%,27
clima en guadalajara jalisco,0,1,0%,27
clima medellín por horas,0,1,0%,27
ecuador guayaquil clima,0,1,0%,27
el clima en caracas hoy,0,1,0%,27
el tiempo en caracas hoy por hora,0,1,0%,27
meteo santo domingo,0,1,0%,27
probabilidad de lluvia hoy guadalajara,0,1,0%,27
qué tiempo va hacer hoy,0,1,0%,27
temperatura cúcuta sensacion térmica,0,1,0%,27
clima en buenos aires por hora,0,1,0%,28
clima en puebla centro,0,1,0%,28
clima guayaquil hoy por hora,0,1,0%,28
clima hoy en guadalajara,0,1,0%,28
clima hoy puebla capital,0,1,0%,28
clima hoy puebla centro,0,1,0%,28
como es el clima en guadalajara,0,1,0%,28
como es el clima en puebla,0,1,0%,28
cuantos grados esta quito,0,1,0%,28
cuántos grados estamos en puebla,0,1,0%,28
el clima puebla,0,1,0%,28
esta lloviendo,0,1,0%,28
pronostico del clima guayaquil,0,1,0%,28
pronóstico del tiempo de guadalajara,0,1,0%,28
temperatura del clima,0,1,0%,28
temperatura en guadalajara,0,1,0%,28
clima aquí,0,1,0%,29
clima gdl hoy por hora,0,1,0%,29
clima guadalajara jalisco hoy,0,1,0%,29
clima hoy quito,0,1,0%,29
clima managua hoy por hora,0,1,0%,29
clima monterrey hoy,0,1,0%,29
clima para hoy en la noche en guadalajara,0,1,0%,29
cómo va estar el clima en puebla,0,1,0%,29
el tiempo en managua por horas,0,1,0%,29
lloverá hoy en barranquilla,0,1,0%,29
pronostico del clima medellin,0,1,0%,29
santo domingo tiempo,0,1,0%,29
temperatura actual en amsterdam,0,1,0%,29
temperatura actual managua,0,1,0%,29
temperatura sao paulo hoy,0,1,0%,29
tiempo en mendoza por hora,0,1,0%,29
tiempo puebla hoy,0,1,0%,29
a cuantos grados estamos en guadalajara,0,1,0%,30
barranquilla temperatura hoy,0,1,0%,30
clima de quito hoy,0,1,0%,30
clima en guadalajara de hoy,0,1,0%,30
clima en santiago,0,1,0%,30
clima en surquillo por hora,0,1,0%,30
clima guadalajara centro,0,1,0%,30
clima hoy en puebla,0,1,0%,30
clima puebla capital hoy,0,1,0%,30
el clima en puebla,0,1,0%,30
pronóstico del clima quito hoy,0,1,0%,30
pronóstico tiempo caracas,0,1,0%,30
temperatura actual de guadalajara,0,1,0%,30
temperatura actual puebla,0,1,0%,30
temperatura en pasto,0,1,0%,30
tiempo en la paz,0,1,0%,30
berlín clima hoy,0,1,0%,31
clima brasilia,0,1,0%,31
clima de hoy de puebla,0,1,0%,31
clima en quito ahora,0,1,0%,31
clima hoy caracas,0,1,0%,31
clima managua por hora,0,1,0%,31
clima medellín mañana,0,1,0%,31
clima puebla centro hoy,0,1,0%,31
climatologia murcia,0,1,0%,31
estado del tiempo en guayaquil,0,1,0%,31
hoy llueve en barranquilla,0,1,0%,31
temperatura actual berlin,0,1,0%,31
temperatura actual en managua,0,1,0%,31
temperatura medellin ahora,0,1,0%,31
temperatura puebla ahorita,0,1,0%,31
tiempo en lima hoy,0,1,0%,31
tiempo en quito mañana por horas,0,1,0%,31
a cuántos grados está guadalajara,0,1,0%,32
clima de gdl,0,1,0%,32
clima de hoy en guayaquil,0,1,0%,32
clima en santo domingo república dominicana,0,1,0%,32
clima mañana en armenia,0,1,0%,32
clima mañana medellin,0,1,0%,32
clima para hoy en la paz,0,1,0%,32
clima por hora guadalajara,0,1,0%,32
cuántos grados está haciendo en buenos aires,0,1,0%,32
el clima para hoy en guadalajara,0,1,0%,32
el tiempo en lima hoy,0,1,0%,32
el tiempo en quito por horas,0,1,0%,32
grados gdl,0,1,0%,32
llueve hoy en barranquilla,0,1,0%,32
pronostico clima hoy medellin,0,1,0%,32
temperatura cali,0,1,0%,32
temperatura en managua,0,1,0%,32
temperatura hoy barranquilla,0,1,0%,32
tiempo en buenos aires por hora,0,1,0%,32
tiempo manta,0,1,0%,32
cali temperatura,0,1,0%,33
clima actual guadalajara,0,1,0%,33
clima buenos aires argentina,0,1,0%,33
clima ccs,0,1,0%,33
clima centro de guadalajara,0,1,0%,33
clima de chile santiago,0,1,0%,33
clima en buenos aires,0,1,0%,33
clima hoy calgary,0,1,0%,33
clima mañana en medellín,0,1,0%,33
clima medellin ahora,0,1,0%,33
clima para el día de hoy en guadalajara,0,1,0%,33
clima puebla grados centigrados,0,1,0%,33
hoy va a llover en arequipa,0,1,0%,33
lluvias hoy,0,1,0%,33
pronostico del tiempo guayaquil,0,1,0%,33
pronóstico del clima puebla,0,1,0%,33
temperatura berlín hoy,0,1,0%,33
temperatura de managua,0,1,0%,33
temperatura en cúcuta a esta hora,0,1,0%,33
temperatura en guadalajara jalisco,0,1,0%,33
temperatura hoy en armenia,0,1,0%,33
temperatura para hoy en medellín,0,1,0%,33
a cuántos grados está puebla,0,1,0%,34
clima de hoy en bucaramanga,0,1,0%,34
clima de managua,0,1,0%,34
clima en armenia quindío,0,1,0%,34
clima en berlin,0,1,0%,34
clima en guadalajara para hoy,0,1,0%,34
clima hoy en caracas,0,1,0%,34
clima quito hoy,0,1,0%,34
como esta el clima en mendoza hoy,0,1,0%,34
cuantos grados hace en amsterdam,0,1,0%,34
cómo va estar el clima hoy en guadalajara,0,1,0%,34
el tiempo en bogotá hoy por horas,0,1,0%,34
el tiempo en mendoza ahora,0,1,0%,34
el tiempo en santiago,0,1,0%,34
hoy llueve,0,1,0%,34
hoy va a llover en mendoza,0,1,0%,34
pronostico puebla,0,1,0%,34
pronóstico del clima para mañana en medellín,0,1,0%,34
sensacion termica puebla,0,1,0%,34
temperatura ambiente en guadalajara,0,1,0%,34
temperatura guadalajara jalisco,0,1,0%,34
temperatura hoy en amsterdam,0,1,0%,34
temperaturas berlin,0,1,0%,34
tiempo de hoy guayaquil,0,1,0%,34
tiempo en quito hoy,0,1,0%,34
tiempo quito hoy,0,1,0%,34
a cuántos grados están en guadalajara,0,1,0%,35
argentina clima buenos aires,0,1,0%,35
clima actual arequipa,0,1,0%,35
clima actual en medellin,0,1,0%,35
clima armenia colombia,0,1,0%,35
clima de hoy en guadalajara jalisco,0,1,0%,35
clima de medellín hoy,0,1,0%,35
clima en barranquilla,0,1,0%,35
clima hoy berlin,0,1,0%,35
clima hoy en armenia,0,1,0%,35
cómo está el clima en managua,0,1,0%,35
el clima de guadalajara,0,1,0%,35
el tiempo en guayaquil ecuador,0,1,0%,35
el tiempo en panama city,0,1,0%,35
sensacion termica berlin,0,1,0%,35
temperatura actual de medellín,0,1,0%,35
temperatura actual monteria,0,1,0%,35
temperatura armenia hoy,0,1,0%,35
temperatura barranquilla sensación térmica hoy,0,1,0%,35
temperatura berlín,0,1,0%,35
temperatura en panama city,0,1,0%,35
temperatura en panama city florida,0,1,0%,35
temperatura hoy en medellín,0,1,0%,35
temperatura managua hoy,0,1,0%,35
tiempo en ecuador guayaquil,0,1,0%,35
clima en caracas ahora,0,1,0%,36
clima en puebla el día de hoy,0,1,0%,36
clima managua hoy,0,1,0%,36
clima quito mañana por horas,0,1,0%,36
el clima en berlin,0,1,0%,36
el tiempo en mexico city,0,1,0%,36
estado del tiempo bucaramanga hoy,0,1,0%,36
hoy va a llover en bucaramanga,0,1,0%,36
pronostico del tiempo medellin,0,1,0%,36
pronóstico del clima bucaramanga,0,1,0%,36
pronóstico del clima hoy en medellín,0,1,0%,36
temperatura actual en puebla capital,0,1,0%,36
a cuántos grados estamos hoy en guadalajara,0,1,0%,37
brasilia temperatura,0,1,0%,37
clima bucaramanga hoy por horas,0,1,0%,37
clima cali colombia,0,1,0%,37
clima en lima hoy por horas,0,1,0%,37
clima en managua,0,1,0%,37
clima en medellín en este momento,0,1,0%,37
clima en pasto,0,1,0%,37
clima en quito mañana por horas,0,1,0%,37
clima en santiago de chile hoy,0,1,0%,37
clima en santiago hoy por hora,0,1,0%,37
clima en ámsterdam,0,1,0%,37
el clima en managua,0,1,0%,37
el clima en medellín,0,1,0%,37
el tiempo en armenia,0,1,0%,37
el tiempo en guayaquil hoy,0,1,0%,37
el tiempo en panamá city,0,1,0%,37
grados hoy montevideo,0,1,0%,37
prediccion clima medellin,0,1,0%,37
pronostico para hoy buenos aires por hora,0,1,0%,37
pronóstico del clima bogotá hoy por horas,0,1,0%,37
temperatura en alicante mañana,0,1,0%,37
tiempo en guadalajara mexico,0,1,0%,37
tiempo medellin hoy,0,1,0%,37
clima bogota hoy por hora,0,1,0%,38
clima bogota por horas hoy,0,1,0%,38
clima en managua hoy,0,1,0%,38
clima en santiago hoy día,0,1,0%,38
clima holanda hoy,0,1,0%,38
clima para hoy en guadalajara jalisco,0,1,0%,38
cuando terminan las lluvias en guadalajara,0,1,0%,38
el tiempo en armenia europa,0,1,0%,38
el tiempo hoy mendoza,0,1,0%,38
guadalajara clima actual,0,1,0%,38
hoy lloverá en puebla,0,1,0%,38
hoy va a llover sí o no,0,1,0%,38
lluvia ahora,0,1,0%,38
lluvia barranquilla hoy,0,1,0%,38
ottawa clima,0,1,0%,38
pronostico del tiempo bucaramanga,0,1,0%,38
pronostico del tiempo para hoy en asuncion por hora,0,1,0%,38
pronóstico del clima en medellín,0,1,0%,38
pronóstico del clima guayaquil,0,1,0%,38
temperatura actual en santo domingo,0,1,0%,38
temperatura en caracas venezuela,0,1,0%,38
temperatura en quito,0,1,0%,38
tiempo ecuador guayaquil,0,1,0%,38
va a llover hoy en montería,0,1,0%,38
clima de hoy bucaramanga,0,1,0%,39
clima heroica puebla de zaragoza,0,1,0%,39
clima hoy armenia,0,1,0%,39
clima mañana en bogota por horas,0,1,0%,39
clima pasto por horas,0,1,0%,39
como esta el clima en medellin,0,1,0%,39
cuando terminan las lluvias en puebla,0,1,0%,39
medellin hoy clima,0,1,0%,39
pronostico del tiempo monteria,0,1,0%,39
pronóstico del clima en puebla,0,1,0%,39
sensacion de temperatura,0,1,0%,39
temperatura actual en mendoza ciudad,0,1,0%,39
temperatura de medellín hoy,0,1,0%,39
temperatura en arequipa,0,1,0%,39
temperatura en santiago,0,1,0%,39
tiempo berlin hoy,0,1,0%,39
él clima para hoy,0,1,0%,39
a cuantos grados esta barranquilla,0,1,0%,40
clima actual en barranquilla,0,1,0%,40
clima actual en caracas,0,1,0%,40
clima actual en managua,0,1,0%,40
clima del uruguay,0,1,0%,40
clima en berlin hoy,0,1,0%,40
clima en cali,0,1,0%,40
clima en santiago hoy,0,1,0%,40
clima guadalajara actual,0,1,0%,40
clima habana cuba,0,1,0%,40
clima hoy monteria,0,1,0%,40
clima mañana caba por hora,0,1,0%,40
clima santiago hoy,0,1,0%,40
cuanto va lloviendo,0,1,0%,40
cuantos grados esta guayaquil,0,1,0%,40
dónde está lloviendo ahorita,0,1,0%,40
el clima en buenos aires hoy,0,1,0%,40
grados en guayaquil,0,1,0%,40
mexico city tiempo,0,1,0%,40
pronostico mendoza ahora,0,1,0%,40
pronostico mendoza por hora,0,1,0%,40
pronóstico del tiempo para hoy en medellín,0,1,0%,40
pronóstico medellin,0,1,0%,40
temperatura actual en alicante capital,0,1,0%,40
temperatura antofagasta hoy,0,1,0%,40
temperatura en manta,0,1,0%,40
tiempo actual en buenos aires,0,1,0%,40
tiempo de hoy en mendoza,0,1,0%,40
tiempo santiago,0,1,0%,40
cali clima,0,1,0%,41
clima actual en berlin alemania,0,1,0%,41
clima actual en montevideo,0,1,0%,41
clima en bucaramanga mañana,0,1,0%,41
clima en nicaragua managua,0,1,0%,41
clima managua nicaragua,0,1,0%,41
clima panama hoy,0,1,0%,41
clima para mañana en los angeles,0,1,0%,41
el tiempo en ciudad de panama,0,1,0%,41
el tiempo la paz,0,1,0%,41
estado del tiempo hoy en medellín,0,1,0%,41
grados cucuta,0,1,0%,41
mendoza grados,0,1,0%,41
pronostico bucaramanga,0,1,0%,41
pronostico clima guayaquil,0,1,0%,41
sensación térmica barranquilla hoy,0,1,0%,41
temperatura en berlín ahora,0,1,0%,41
tiempo medellín hoy,0,1,0%,41
va a llover mañana en córdoba capital,0,1,0%,41
clima capital federal por hora,0,1,0%,42
clima en medellín para hoy,0,1,0%,42
clima en ámsterdam hoy,0,1,0%,42
clima hoy la paz,0,1,0%,42
clima mendoza hoy,0,1,0%,42
clima para hoy santiago de chile,0,1,0%,42
climas en estados unidos,0,1,0%,42
el tiempo en montería,0,1,0%,42
el tiempo para hoy en montevideo,0,1,0%,42
estaciones del clima en venezuela,0,1,0%,42
lluvia hoy montevideo,0,1,0%,42
pronostico actual buenos aires,0,1,0%,42
temperatura en medellín,0,1,0%,42
temperatura en mendoza argentina,0,1,0%,42
temperatura en santo domingo,0,1,0%,42
temperatura hoy santiago centro,0,1,0%,42
temperatura medellín colombia,0,1,0%,42
temperatura montevideo ahora,0,1,0%,42
tiempo mañana caracas venezuela por horas hoy en la madrugada,0,1,0%,42
va a llover mañana en los ángeles,0,1,0%,42
a cuantos grados esta la paz,0,1,0%,43
clima de armenia hoy,0,1,0%,43
clima de monteria,0,1,0%,43
clima de puebla para hoy,0,1,0%,43
clima en lima para hoy,0,1,0%,43
clima en medellín colombia,0,1,0%,43
clima hoy bogota por horas,0,1,0%,43
clima medellin esta semana,0,1,0%,43
el tiempo en santiago hoy día,0,1,0%,43
hoy el tiempo en santiago,0,1,0%,43
sensacion termica monteria,0,1,0%,43
temperatura amsterdam,0,1,0%,43
temperatura barranquilla sensacion termica,0,1,0%,43
temperatura en barranquilla sensacion termica,0,1,0%,43
temperatura en medellin colombia,0,1,0%,43
temperatura hoy en santiago,0,1,0%,43
temperatura para hoy en buenos aires,0,1,0%,43
tiempo mañana medellín,0,1,0%,43
clima actual bucaramanga,0,1,0%,44
clima bogota por horas,0,1,0%,44
clima bs as,0,1,0%,44
clima bucaramanga hoy,0,1,0%,44
clima cúcuta sensación térmica,0,1,0%,44
clima de puebla,0,1,0%,44
como es el clima de medellin,0,1,0%,44
el clima en bucaramanga,0,1,0%,44
estado del clima hoy en barranquilla,0,1,0%,44
grados barranquilla,0,1,0%,44
pronóstico del tiempo barranquilla hoy,0,1,0%,44
sensacion termica bucaramanga,0,1,0%,44
temperatura caba,0,1,0%,44
temperatura en monteria ahora,0,1,0%,44
temperatura puebla de zaragoza,0,1,0%,44
va a llover en puebla,0,1,0%,44
alicante tiempo mañana,0,1,0%,45
ciudad de panama clima,0,1,0%,45
clima ahora en montevideo,0,1,0%,45
clima amsterdam hoy,0,1,0%,45
clima ciudad de panama,0,1,0%,45
clima en cucuta,0,1,0%,45
clima la paz mañana,0,1,0%,45
clima para hoy en bogotá,0,1,0%,45
clima para medellín hoy,0,1,0%,45
clima por horas bogota,0,1,0%,45
clima tiempo real bogota,0,1,0%,45
colombia medellin clima,0,1,0%,45
como es el clima en uruguay,0,1,0%,45
cómo va estar el tiempo mañana en chicago,0,1,0%,45
el tiempo hoy en santiago,0,1,0%,45
estado tiempo puebla,0,1,0%,45
montevideo temperatura actual,0,1,0%,45
pronostico barranquilla hoy,0,1,0%,45
sensación térmica barranquilla,0,1,0%,45
temperatura barranquilla sensación térmica,0,1,0%,45
temperatura ciudad buenos aires,0,1,0%,45
temperatura cucuta hoy grados centigrados,0,1,0%,45
temperatura en cali colombia,0,1,0%,45
temperatura montería sensación térmica,0,1,0%,45
temperatura puebla mañana,0,1,0%,45
clima argentina cordoba,0,1,0%,46
clima cordoba capital ahora,0,1,0%,46
clima de hoy en la paz,0,1,0%,46
clima en ecuador quito,0,1,0%,46
clima en quito hoy y mañana,0,1,0%,46
clima medellin colombia,0,1,0%,46
cuál es la temperatura en buenos aires,0,1,0%,46
cuándo es verano en argentina,0,1,0%,46
el tiempo hoy en santiago centro,0,1,0%,46
estado del tiempo hoy en barranquilla,0,1,0%,46
hoy llueve en montevideo,0,1,0%,46
montevideo tiempo,0,1,0%,46
que temperatura hay en montevideo ahora,0,1,0%,46
temperatura bogotá hoy,0,1,0%,46
temperatura en montería hoy,0,1,0%,46
temperatura guayaquil ecuador,0,1,0%,46
temperatura mañana en alicante,0,1,0%,46
antofagasta clima,0,1,0%,47
clima en puebla ahora,0,1,0%,47
clima guayaquil ecuador,0,1,0%,47
el clima bogota,0,1,0%,47
el clima en buenos aires ahora,0,1,0%,47
guayaquil tiempo,0,1,0%,47
hoy va a llover en medellín,0,1,0%,47
pronostico armenia,0,1,0%,47
pronostico del clima bogota hoy,0,1,0%,47
temperatura de cúcuta hoy,0,1,0%,47
temperatura hoy en bogota,0,1,0%,47
temperaturas en bogota,0,1,0%,47
clima asuncion paraguay hoy,0,1,0%,48
como es el clima de puebla,0,1,0%,48
cuando nieva en berlin,0,1,0%,48
cuantos grados esta la paz,0,1,0%,48
el clima en guayaquil,0,1,0%,48
el tiempo en bogotá por horas,0,1,0%,48
lluvia en montevideo hoy,0,1,0%,48
lluvia hoy en mi ubicación,0,1,0%,48
temperatura actual de cordoba,0,1,0%,48
temperatura en buenos aires argentina,0,1,0%,48
temperatura en caba buenos aires,0,1,0%,48
temperatura para hoy en bilbao,0,1,0%,48
tiempo bucaramanga,0,1,0%,48
buenos aires argentina clima,0,1,0%,49
clima berlín,0,1,0%,49
clima bogotá hoy por horas mañana,0,1,0%,49
clima de bilbao hoy,0,1,0%,49
clima lima ahora,0,1,0%,49
cuando es invierno en uruguay,0,1,0%,49
cuando es verano en chile,0,1,0%,49
el tiempo en medellín,0,1,0%,49
manta temperatura,0,1,0%,49
medellin clima hoy,0,1,0%,49
meses de invierno en venezuela,0,1,0%,49
meses de verano en venezuela,0,1,0%,49
temperatura hoy en cucuta,0,1,0%,49
temperatura montevideo agora,0,1,0%,49
tiempo alicante mañana,0,1,0%,49
tiempo hoy barranquilla,0,1,0%,49
clima actual bogotá,0,1,0%,50
clima alicante mañana,0,1,0%,50
clima em havana,0,1,0%,50
cual es el clima de cucuta,0,1,0%,50
cucuta temperatura hoy,0,1,0%,50
estado del clima cucuta,0,1,0%,50
grados en medellin hoy,0,1,0%,50
tiempo mañana alicante,0,1,0%,50
tiempo mañana en alicante,0,1,0%,50
clima actual en bogota,0,1,0%,51
clima ahora cordoba,0,1,0%,51
clima de pasto hoy,0,1,0%,51
condiciones climaticas en venezuela,0,1,0%,51
cucuta grados,0,1,0%,51
el tiempo para hoy en mendoza,0,1,0%,51
estado del clima en barranquilla,0,1,0%,51
temperatura de hoy en bogota,0,1,0%,51
tiempo en bogotá hoy,0,1,0%,51
a cuantos grados esta bogota,0,1,0%,52
clima centro de bogota,0,1,0%,52
clima de medellin antioquia,0,1,0%,52
clima hoy en cúcuta,0,1,0%,52
clima lima,0,1,0%,52
clima semiárido en venezuela,0,1,0%,52
córdoba argentina clima,0,1,0%,52
pronostico cucuta,0,1,0%,52
temperatura cordoba mañana,0,1,0%,52
temperatura en montevideo,0,1,0%,52
clima en murcia hoy,0,1,0%,53
pronostico clima bogota,0,1,0%,53
quito temperatura,0,1,0%,53
temperatura managua nicaragua,0,1,0%,53
tiempo antofagasta,0,1,0%,53
clima en cúcuta mañana,0,1,0%,54
como esta el clima en cucuta,0,1,0%,54
grados en bilbao hoy,0,1,0%,54
temperatura actual en bogotá,0,1,0%,54
temperatura de hoy en bilbao,0,1,0%,54
temperatura en buenos aires,0,1,0%,54
clima actual en cordoba,0,1,0%,55
clima ahora en cordoba,0,1,0%,55
clima cordoba mañana,0,1,0%,55